,Algoritma,Train Accuracy,Accuracy,Miss Accuracy,Precison,Recall,False Positive Rate,Specificity,F1 Score,ROC AUC Score
1,Artificial Neural Network,81.75895765472313,75.97402597402598,24.025974025974026,63.63636363636363,67.3076923076923,19.607843137254903,80.3921568627451,65.42056074766354,0.7384992458521871
2,Naive Bayes,74.5928338762215,74.67532467532467,25.324675324675322,61.81818181818181,65.38461538461539,20.588235294117645,79.41176470588235,63.55140186915889,0.7239819004524887
3,Support Vector Machine,82.89902280130293,76.62337662337663,23.376623376623375,66.66666666666666,61.53846153846154,15.686274509803921,84.31372549019608,64.0,0.7292609351432882
4,Decision Tree,100.0,69.48051948051948,30.519480519480517,54.23728813559322,61.53846153846154,26.47058823529412,73.52941176470588,57.65765765765766,0.6753393665158371
5,Random Forest,100.0,75.32467532467533,24.675324675324674,64.0,61.53846153846154,17.647058823529413,82.35294117647058,62.745098039215684,0.7194570135746606
